{
  "基线_size45": {
    "samples": 1446,
    "discarded_timing_samples": 4,
    "duration_sec": 72.694,
    "stationary_samples": 816,
    "moving_samples": 221,
    "stationary_speed_threshold_diag_per_sec": 0.35,
    "moving_speed_threshold_diag_per_sec": 0.75,
    "static_center_raw_rms_pct_diag": 0.9329396634894538,
    "static_center_smooth_rms_pct_diag": 0.7467027005960567,
    "static_center_smoothing_reduction_pct": 19.962380224763855,
    "static_center_smooth_p90_pct_diag": 1.176225,
    "static_size_raw_rms_pct": 2.213747718660198,
    "static_size_smooth_rms_pct": 1.2796571281953792,
    "static_size_smoothing_reduction_pct": 42.19498828123687,
    "moving_equivalent_lag_p50_ms": 13.748106595328942,
    "moving_equivalent_lag_p90_ms": 33.66925800939256,
    "moving_smooth_step_p90_pct_diag": 7.57425,
    "overall_smooth_step_p95_pct_diag": 5.548227499999999,
    "raw_direction_reversal_rate_pct": 9.892086330935252,
    "smooth_direction_reversal_rate_pct": 1.9021739130434785,
    "track_set_change_rate_pct": 31.62629757785467,
    "created_tracks_per_min": 184.8845846974991,
    "lost_tracks_per_min": 187.3607175282692,
    "mean_stable_tracks": 3.387966804979253,
    "encode_fps_p50": 30.0279,
    "bitrate_kbps_p50": 18125.9,
    "pts_delta_ms_p90": 19.600000000000005,
    "enc_drop": 12.0,
    "put_fail": 0.0,
    "out_drop": 0.0,
    "write_fail": 0.0,
    "infer_drop": 625.0,
    "warnings": [
      "编码输入丢帧累计 12，两组推理采样可能不完全一致"
    ]
  },
  "候选_size30": {
    "samples": 1439,
    "discarded_timing_samples": 2,
    "duration_sec": 71.949,
    "stationary_samples": 852,
    "moving_samples": 183,
    "stationary_speed_threshold_diag_per_sec": 0.35,
    "moving_speed_threshold_diag_per_sec": 0.75,
    "static_center_raw_rms_pct_diag": 0.929101448280729,
    "static_center_smooth_rms_pct_diag": 0.7885593672859749,
    "static_center_smoothing_reduction_pct": 15.126666873119465,
    "static_center_smooth_p90_pct_diag": 1.1515299999999997,
    "static_size_raw_rms_pct": 2.1071072342793213,
    "static_size_smooth_rms_pct": 1.006584009098372,
    "static_size_smoothing_reduction_pct": 52.2291038290395,
    "moving_equivalent_lag_p50_ms": 13.782840276868782,
    "moving_equivalent_lag_p90_ms": 39.74110917835457,
    "moving_smooth_step_p90_pct_diag": 8.122742,
    "overall_smooth_step_p95_pct_diag": 4.739406,
    "raw_direction_reversal_rate_pct": 10.239852398523986,
    "smooth_direction_reversal_rate_pct": 1.9516728624535316,
    "track_set_change_rate_pct": 31.50208623087622,
    "created_tracks_per_min": 189.30075470124672,
    "lost_tracks_per_min": 193.4703748488513,
    "mean_stable_tracks": 3.4489228630993747,
    "encode_fps_p50": 29.9982,
    "bitrate_kbps_p50": 17871.9,
    "pts_delta_ms_p90": 0.0,
    "enc_drop": 27.0,
    "put_fail": 0.0,
    "out_drop": 0.0,
    "write_fail": 0.0,
    "infer_drop": 622.0,
    "warnings": [
      "编码输入丢帧累计 27，两组推理采样可能不完全一致"
    ]
  }
}
